爱建证券,营业部代码
爱建证券,0101 普通交易
爱建证券,0801 融资融券
爱建证券,
爱建证券,
爱建证券,
爱建证券,
爱建证券,
爱建证券,
爱建证券,
爱建证券,
爱建证券,
爱建证券,
爱建证券,
安信证券,营业部代码
安信证券,8802   
  B北京北三环东路营业部
安信证券,8805   
  B北京朝阳路营业部
安信证券,1024   
  B北京复兴门外大街营业部
安信证券,1025   
  B北京青塔西路营业部
安信证券,1026   
  B北京小武基北路营业部
安信证券,9800   
  B北京远大路营业部
安信证券,9801   
  B北京政通路营业部
安信证券,9802   
  B北京建国门外大街营业部
安信证券,501   
  B北京中关村南大街营业部
安信证券,502   
  B北京阜荣街营业部
安信证券,6801   
  B保山保岫东路营业部
安信证券,8955   
  B保定高阳现代大街营业部
安信证券,8912   
  C长春解放大路营业部
安信证券,3800   
  C潮州管理总部
安信证券,8902   
  C常熟北门大街营业部
安信证券,1004   
  C成都领事馆路营业部
安信证券,1004   
  C成都灵龙路营业部
安信证券,8938   
  C成都蜀辉路营业部
安信证券,9300   
  C重庆中华路营业部
安信证券,9301   
  C重庆大足营业部
安信证券,1015   
  C重庆中华路一营业部
安信证券,8923   
  C重庆洪湖东路营业部
安信证券,1019   
  D大连中山路营业部
安信证券,2700   
  D东莞樟木头营业部
安信证券,2701   
  D东莞常平大道营业部
安信证券,2702   
  D东莞花园街营业部
安信证券,8000   
  F佛山分公司
安信证券,3100   
  F佛山南海大道营业部
安信证券,3107   
  F佛山南海九江洛浦大道营业部
安信证券,4300   
  F佛山三水三兴路营业部
安信证券,8922   
  F福州八一七北路营业部
安信证券,601   
  G广州滨江东路营业部
安信证券,2400   
  G广州滨江中路营业部
安信证券,6900   
  G广州新港西路营业部
安信证券,2100   
  G广州中山大道中营业部
安信证券,100   
  G广州猎德大道营业部
安信证券,7500   
  G广州越华路营业部
安信证券,8906   
  G广州花都凤凰北路营业部
安信证券,6100   
  G广州中山六路营业部
安信证券,8905   
  G广州番禺繁华路营业部
安信证券,600   
  G广州天河东路营业部
安信证券,700   
  G广州天河北路营业部
安信证券,2200   
  G广州天河东路第二营业部
安信证券,300   
  G广州体育西路营业部
安信证券,301   
  G广州增城新塘营业部
安信证券,302   
  G广州增城夏街大道营业部
安信证券,8950   
  G广州番禺吉祥北道营业部
安信证券,8951   
  G广州黄石东路证券营业部
安信证券,400   
  G广州西华路营业部
安信证券,9231   
  G广州分公司
安信证券,6400   
  G广证非正常客户营业部
安信证券,8926   
  G贵阳富水北路营业部
安信证券,1005   
  H哈尔滨红军街营业部
安信证券,8903   
  H海口滨海大道营业部
安信证券,1009   
  H杭州莫干山路营业部
安信证券,8910   
  H合肥长江西路营业部
安信证券,3700   
  H河源兴源路营业部
安信证券,3702   
  H河源龙川营业部
安信证券,3703   
  H河源紫金香江中路营业部
安信证券,5801   
  H黄冈蕲春营业部
安信证券,8916   
  J济南泉城路营业部
安信证券,1021   
  J嘉兴纺工路营业部
安信证券,8936   
  J嘉兴嘉善施家南路营业部
安信证券,8937   
  J嘉兴中山东路第一营业部
安信证券,8956   
  J江苏分公司
安信证券,8909   
  J江门建设二路营业部
安信证券,8952   
  J江门冈州大道证券营业部
安信证券,4200   
  J揭阳营业部
安信证券,6800   
  K昆明东风西路营业部
安信证券,8901   
  L娄底春园路营业部
安信证券,8200   
  M茂名管理总部
安信证券,4800   
  M梅州地区营业部
安信证券,4805   
  M梅州平远营业部
安信证券,1016   
  M绵阳涪城路营业部
安信证券,1016   
  M绵阳绵山路营业部
安信证券,1018   
  N内江西林大道营业部
安信证券,1003   
  N南昌胜利路营业部
安信证券,1010   
  N南京珠江路营业部
安信证券,8915   
  N南宁朱槿路营业部
安信证券,801   
  N宁波车轿街营业部
安信证券,802   
  N宁波长阳东路营业部
安信证券,1013   
  Q青岛山东路营业部
安信证券,1013   
  Q青岛四流南路营业部
安信证券,4100   
  Q清远金碧路营业部
安信证券,4101   
  Q清远佛冈营业部
安信证券,4102   
  Q清远英德英州大道营业部
安信证券,4103   
  Q清远阳山思贤路营业部
安信证券,109   
  S汕头红领巾路营业部
安信证券,107   
  S汕头潮阳棉西路营业部
安信证券,105   
  S汕头澄海营业部
安信证券,101   
  S汕头金砂路营业部
安信证券,106   
  S汕头峡山营业部
安信证券,103   
  S汕头中山路营业部
安信证券,3600   
  S汕尾香洲西路营业部
安信证券,3600   
  S汕尾海丰营业部
安信证券,3600   
  S汕尾陆丰东海大道营业部
安信证券,3603   
  S汕尾陆河大道营业部
安信证券,9100   
  S上海江宁路营业部
安信证券,311   
  S上海黄浦区跨龙路营业部
安信证券,9200   
  S上海南丹路营业部
安信证券,1007   
  S上海中山南路(原四川中)营业部
安信证券,8801   
  S上海世纪大道营业部
安信证券,8807   
  S上海杨浦区殷行路营业部
安信证券,1006   
  S上海杨高南路(原中建大厦)营业部
安信证券,8932   
  S上海年家浜路营业部
安信证券,3900   
  S韶关管理总部
安信证券,3901   
  S韶关乐昌人民南路营业部
安信证券,9000   
  S深圳红荔西路(原福华一)营业部
安信证券,201   
  S深圳科发路营业部
安信证券,1011   
  S深圳宝安海秀路营业部
安信证券,8921   
  S深圳龙岗龙翔大道营业部
安信证券,8924   
  S深圳宝安人民路营业部
安信证券,1012   
  S深圳沙头角营业部
安信证券,8803   
  S深圳深南大道营业部
安信证券,8907   
  S深圳深南大道耀华创建大厦营业部
安信证券,8931   
  S深圳宝安中心路营业部
安信证券,1002   
  S沈阳北京街营业部
安信证券,8917   
  S石家庄裕华东路营业部
安信证券,701   
  S苏州人民路营业部
安信证券,8957   
  S松原铂金路营业部
安信证券,8928   
  T太原新晋祠路营业部
安信证券,1001   
  T天津南开三马路营业部
安信证券,8806   
  T天津三水道营业部
安信证券,5800   
  W武汉中北路营业部
安信证券,1022   
  W武汉胜利街营业部
安信证券,8927   
  W芜湖九华南路营业部
安信证券,8939   
  W芜湖江北营业部
安信证券,8925   
  X西安南二环路营业部
安信证券,1008   
  X厦门湖里大道营业部
安信证券,8953   
  X厦门鹭江道证券营业部
安信证券,4900   
  Y阳江安宁路营业部
安信证券,4902   
  Y阳江阳西营业部
安信证券,4903   
  Y阳江阳东振士中路营业部
安信证券,1017   
  Y宜宾民主路营业部
安信证券,1017   
  Y宜宾南溪文化路营业部
安信证券,8935   
  Y宜宾临港大道营业部
安信证券,8933   
  Y宜春高安高安大道营业部
安信证券,8207   
  Y玉林广场西路营业部
安信证券,3500   
  Y云浮新兴新洲大道南营业部
安信证券,3500   
  Y云浮郁南营业部
安信证券,3502   
  Y云浮罗定兴华二路营业部
安信证券,3503   
  Y云浮建设北路营业部
安信证券,3400   
  Z肇庆端州四路营业部
安信证券,5500   
  Z肇庆四会光明北路营业部
安信证券,5503   
  Z肇庆怀集城中路营业部
安信证券,3402   
  Z肇庆封开红卫路营业部
安信证券,1020   
  Z镇江中山东路营业部
安信证券,8908   
  Z郑州花园路营业部
安信证券,3300   
  Z中山兴政路营业部
安信证券,3301   
  Z中山东海二路营业部
安信证券,1018   
  Z资阳雁城路营业部
安信证券,8929   
  Z招远河西路营业部
安信证券,8930   
  Z诸暨苎萝东路营业部
安信证券,
渤海证券,营业部代码
渤海证券,0001 天津营口道部
渤海证券,0002 天津友谊路部
渤海证券,0003 天津西康路部
渤海证券,0004 天津南门外大街部
渤海证券,0005 天津滨海新区新港三号路部
渤海证券,0006 天津大沽北路部
渤海证券,0007 天津郑州道部
渤海证券,0008 天津云际道部
渤海证券,0009 天津芥园道部(原西青道部)
渤海证券,0010 天津气象台路部             
渤海证券,0011 天津万科中心部                
渤海证券,0012 天津广东路部
渤海证券,0013 天津开发区第二大街部       
渤海证券,0014 天津世纪大道部(原大港部转入)  
渤海证券,0015 天津云际道部(原电台道部转入)             
渤海证券,0016 北京西外大街部            
渤海证券,0017 北京慧忠里部             
渤海证券,0018 上海定西路部 
渤海证券,0019 上海斜土路部             
渤海证券,0020 上海彰武路部           
渤海证券,0021 上海昆明路部          
渤海证券,0022 上海天山路部    
渤海证券,0023 深圳福中路部       
渤海证券,0024 广州天河东路部 
渤海证券,0025 西安劳动南路部    
渤海证券,0026 郑州东明路部        
渤海证券,0027 苏州景德路部       
渤海证券,0028 太原双塔西街部           
渤海证券,0029 济南英雄山路部         
渤海证券,0030 重庆建新东路部      
渤海证券,0031 福州营迹路部     
渤海证券,0032 天津宾水西道部(原客户服务部)
渤海证券,0033 北京大兴三中西巷部(原黄村部)
渤海证券,0034 天津华苑路部
渤海证券,0035 天津滨海新区新港三号路部
渤海证券,0036 天津新华道部(原西青服务部)
渤海证券,0037 天津津沽路部(原津南服务部)
渤海证券,0038 天津津塘路部(原东丽服务部)
渤海证券,0039 天津京津路第一部(原北辰服务部)
渤海证券,0040 天津泉旺路部(原天津泉州北路部)
渤海证券,0041 天津联盟大街部(原静海服务部)
渤海证券,0042 汉中略阳部(原略阳服务部)
渤海证券,0043 北京广顺北大街部
渤海证券,0044 天津滨海新区杭州道部
渤海证券,0045 沈阳市府大路部
渤海证券,0046 烟台北马路部
渤海证券,0047 汕头金砂路部
渤海证券,0048 天津绥江道部 
渤海证券,0049 天津东一环路部
渤海证券,0050 天津西四道部
渤海证券,
长城证券,营业部代码
长城证券,0001 普通交易
长城证券,0002 融资融券交易
长城证券,
长城证券,
长城证券,
长城证券,
长城证券,
长城证券,
长城证券,
长城证券,
长城证券,
长城证券,
长城证券,
长城证券,
长城证券,
长城证券,
长城证券,
长城证券,
长城证券,
长城证券,
长城证券,
长城证券,
长城证券,
长城证券,
长城证券,
长城证券,
长城证券,
长城证券,
长江证券,营业部代码
长江证券,1 普通交易
长江证券,3 融资融券交易
长江证券,
长江证券,
长江证券,
长江证券,
长江证券,
长江证券,
长江证券,
长江证券,
长江证券,
长江证券,
长江证券,
长江证券,
长江证券,
长江证券,
长江证券,
长江证券,
长江证券,
长江证券,
长江证券,
财富证券,营业部代码
财富证券,3 融资融券交易
财富证券,2000 (2000)深圳红桂路营业部
财富证券,2100 (2100)深圳深南大道营业部
财富证券,2200 (2200)天津烟台道营业部
财富证券,2300 (2300)上海仙霞路营业部
财富证券,2400 (2400)郴州八一路营业部
财富证券,2500 (2500)邵阳红旗路营业部
财富证券,2600 (2600)湘潭韶山中路营业部
财富证券,2600 (2601)湘潭芙蓉路营业部
财富证券,2700 (2700)长沙八一路营业部
财富证券,2702 (2702)吉首人民北路营业部
财富证券,2703 (2703)张家界回龙路营业部
财富证券,2800 (2800)长沙曙光中路营业部
财富证券,3000 (3000)长沙韶山中路营业部
财富证券,3100 (3100)长沙韶山北路营业部
财富证券,3200 (3200)温州车站大道营业部
财富证券,3300 (3300)北京中关村东路营业部
财富证券,3400 (3400)北京阜外大街营业部
财富证券,3600 (3600)株洲建设南路营业部
财富证券,3700 (3700)衡阳营业部
财富证券,3900 (3900)怀化营业部
财富证券,2500 (2502)邵阳武冈营业部
财富证券,5000 (5000)常德营业部
财富证券,5100 (5100)娄底营业部
财富证券,5200 (5200)长沙银盆南路营业部
财富证券,5300 (5300)益阳康富北路营业部
财富证券,3105 (3105)长沙县星沙北路营业部
财富证券,5400 (5400)岳阳花板桥路营业部
财富证券,2608 (2608)湘乡大正街证券营业部
财富证券,2405 (2405)临武文昌中路营业部
财富证券,5600 (5600)永州零陵中路证券营业部
财富证券,2705 (2705)浏阳劳动中路证券营业部
财富证券,3002 (3002)长沙望城郭亮北路证券营业部
财富证券,
财通证券,营业部代码
财通证券,1   
  普通交易
财通证券,2   
  融资融券交易
财通证券,
财通证券,
财通证券,
大同证券,
大同证券,
大同证券,
大同证券,
大同证券,
大同证券,
大同证券,
大同证券,
大同证券,
大同证券,
大同证券,
大同证券,
大同证券,
大同证券,
大通证券,营业部代码
大通证券,1 普通交易
大通证券,3 融资融券交易
大通证券,
大通证券,
大通证券,
大通证券,
大通证券,
大通证券,
大通证券,
大通证券,
大通证券,
大通证券,
大通证券,
大通证券,
大通证券,
大通证券,
大通证券,
大通证券,
大通证券,
大通证券,
大通证券,
东兴证券,营业部代码填 0
东兴证券,版本号填
  8.01（最新版本号见券商通达信软件"帮助关于"菜单第一行文字字母V后面的数字）
东兴证券,登录模式选 "客户号"
东兴证券,通讯密码(如果所在券商无通讯密码就不填)
东兴证券,交易账号(软件自动填,券商通达信软件内股东列表查询结果的资金账号） 
东兴证券,
东兴证券,
东兴证券,
东兴证券,
东兴证券,
东兴证券,
东兴证券,
东兴证券,
东兴证券,
东兴证券,
东兴证券,
东兴证券,
东兴证券,
东兴证券,
东兴证券,
东兴证券,
东方证券,营业部代码填
东方证券,普通交易 1
东方证券,融资融券 2
东方证券,
东方证券,
东方证券,
东方证券,
东方证券,
东方证券,
东莞证券,营业部代码
东莞证券,0   
  普通交易
东莞证券,2   
  融资融券交易
东莞证券,
东莞证券,
东莞证券,
东莞证券,
东莞证券,
东莞证券,
东莞证券,
东莞证券,
东北证券,营业部代码
东北证券,1 普通交易
东北证券,3 融资融券交易
东北证券,
东北证券,
东北证券,
东北证券,
东北证券,
东北证券,
东北证券,
东北证券,
东北证券,
东北证券,
东北证券,
东北证券,
东海证券,版本号填
  7.00（最新版本号见券商通达信软件"帮助关于"菜单第一行文字字母V后面的数字）
东海证券,登录模式选 "资金帐号"
东海证券,通讯密码(如果所在券商无通讯密码就不填)
东海证券,交易账号(打开券商通达信软件，股东列表查询结果的资金账号就是交易账号） 
东海证券,
东海证券,
东海证券,
东海证券,
东海证券,
东海证券,
东海证券,
东吴证券,°æ±¾ºÅÌî
  6.20£¨×îÐÂ°æ±¾ºÅ¼ûÈ¯ÉÌÍ¨´ïÐÅÈí¼þ"°ïÖú¹ØÓÚ"²Ëµ¥µÚÒ»ÐÐÎÄ×Ö×ÖÄ¸VºóÃæµÄÊý×Ö£©
东吴证券,µÇÂ¼Ä£Ê½Ñ¡ "×Ê½ðÕÊºÅ"
东吴证券,Í¨Ñ¶ÃÜÂë(Èç¹ûËùÔÚÈ¯ÉÌÎÞÍ¨Ñ¶ÃÜÂë¾Í²»Ìî)
东吴证券,½»Ò×ÕËºÅ(´ò¿ªÈ¯ÉÌÍ¨´ïÐÅÈí¼þ£¬¹É¶«ÁÐ±í²éÑ¯½á¹ûµÄ×Ê½ðÕËºÅ¾ÍÊÇ½»Ò×ÕËºÅ£© 
东吴证券,
东吴证券,
东吴证券,
东吴证券,
东吴证券,
东吴证券,
东吴证券,
东吴证券,
东吴证券,
东吴证券,
东吴证券,
东吴证券,
东吴证券,
东吴证券,
东吴证券,
东吴证券,
东吴证券,
东吴证券,
东吴证券,
东吴证券,
东吴证券,
东吴证券,
东吴证券,
东吴证券,
东吴证券,
东吴证券,
东吴证券,
东吴证券,
东吴证券,
东吴证券,
东吴证券,
东吴证券,
东吴证券,
东吴证券,
东吴证券,
东吴证券,
东吴证券,
东吴证券,
东吴证券,
东吴证券,
东吴证券,
东吴证券,
东吴证券,
东吴证券,
东吴证券,
东吴证券,
东吴证券,
东吴证券,
东吴证券,
东吴证券,
东吴证券,
东吴证券,
东吴证券,
东吴证券,
东吴证券,
东吴证券,
东吴证券,
东吴证券,
东吴证券,
东吴证券,
东吴证券,
东吴证券,
东吴证券,
东吴证券,
东吴证券,
东吴证券,
东吴证券,
东吴证券,
东吴证券,
东吴证券,
东吴证券,
东吴证券,
东吴证券,
东吴证券,
东吴证券,
东吴证券,
东吴证券,
东吴证券,
东吴证券,
东吴证券,
东吴证券,
东吴证券,
东吴证券,
东吴证券,
东吴证券,
东吴证券,
东吴证券,
东吴证券,
东吴证券,
东吴证券,
东吴证券,
东吴证券,
东吴证券,
东吴证券,
东吴证券,
东吴证券,
东吴证券,
东吴证券,
东吴证券,
东吴证券,
东吴证券,
东吴证券,
第一创业,营业部代码
第一创业,1 普通交易
第一创业,2 融资融券交易
第一创业,
第一创业,
第一创业,
第一创业,
第一创业,
第一创业,
第一创业,
第一创业,
第一创业,
方正证券,营业部代码
方正证券,1   
  普通交易
方正证券,3   
  信用交易
方正证券,
方正证券,
方正证券,
方正证券,
方正证券,
方正证券,
方正证券,
国盛证券,营业部代码
国盛证券,1 普通交易
国盛证券,2 融资融券交易
国盛证券,
国盛证券,
国盛证券,
国盛证券,
国盛证券,
国盛证券,
国盛证券,
国信证券,°æ±¾ºÅÌî
  6.00£¨×îÐÂ°æ±¾ºÅ¼ûÈ¯ÉÌÍ¨´ïÐÅÈí¼þ"°ïÖú¹ØÓÚ"²Ëµ¥µÚÒ»ÐÐÎÄ×Ö×ÖÄ¸VºóÃæµÄÊý×Ö£©
国信证券,µÇÂ¼Ä£Ê½Ñ¡ "×Ê½ðÕÊºÅ"
国信证券,Í¨Ñ¶ÃÜÂë(Èç¹ûËùÔÚÈ¯ÉÌÎÞÍ¨Ñ¶ÃÜÂë¾Í²»Ìî)
国信证券,½»Ò×ÕËºÅ(´ò¿ªÈ¯ÉÌÍ¨´ïÐÅÈí¼þ£¬¹É¶«ÁÐ±í²éÑ¯½á¹ûµÄ×Ê½ðÕËºÅ¾ÍÊÇ½»Ò×ÕËºÅ£© 
国信证券,
国信证券,
国信证券,
国信证券,
国信证券,
国信证券,
国信证券,
国信证券,
国信证券,
国信证券,
国信证券,
国信证券,
国信证券,
国信证券,
国信证券,
国信证券,
国信证券,
国信证券,
国信证券,
国信证券,
国信证券,
国信证券,
国信证券,
国信证券,
国信证券,
国信证券,
国信证券,
国信证券,
国信证券,
国信证券,
国信证券,
国信证券,
国信证券,
国信证券,
国信证券,
国信证券,
国信证券,
国信证券,
国信证券,
国信证券,
国信证券,
国信证券,
国信证券,
国信证券,
国信证券,
国信证券,
国信证券,
国信证券,
国信证券,
国信证券,
国信证券,
国信证券,
国信证券,
国信证券,
国信证券,
国信证券,
国信证券,
国信证券,
国信证券,
国信证券,
国信证券,
国信证券,
国信证券,
国信证券,
国信证券,
国信证券,
国信证券,
国信证券,
国信证券,
国信证券,
国信证券,
国信证券,
国信证券,
国信证券,
国信证券,
国信证券,
国信证券,
国信证券,
国信证券,
国信证券,
国信证券,
国信证券,
国开证券,营业部代码
国开证券,0001 北京中关村南大街营业部
国开证券,0002 保定五四西路营业部
国开证券,0003 上海龙华西路营业部
国开证券,0005 深圳振华路营业部
国开证券,0006 深圳龙华营业部
国开证券,0007 天津围堤道营业部
国开证券,0009 北京珠市口东大街营业部
国开证券,0010 北京南滨河路营业部
国开证券,
国元证券,营业部代码
国元证券,2 融资融券交易
国元证券,34 北京西坝河南路营业部
国元证券,10 上海东方路营业部
国元证券,11 上海中山北路营业部
国元证券,12 上海虹桥路营业部
国元证券,13 上海民生路营业部
国元证券,14 上海斜土路营业部
国元证券,15 深圳百花二路营业部
国元证券,16 深圳凤凰大厦营业部
国元证券,17 广州江南大道中路营业部
国元证券,18 合肥寿春路第一营业部
国元证券,19 合肥宿州路营业部
国元证券,20 合肥金寨路凯旋大厦营业部
国元证券,21 合肥长江路营业部
国元证券,22 合肥长江中路营业部
国元证券,23 合肥红星路营业部
国元证券,24 合肥胜利路营业部
国元证券,26 合肥金寨路营业部
国元证券,27 合肥芜湖路营业部
国元证券,28 芜湖九华山路营业部
国元证券,29 芜湖黄山西路营业部
国元证券,30 芜湖文化路营业部
国元证券,31 蚌埠胜利西路营业部
国元证券,33 淮南国庆中路营业部
国元证券,35 淮南朝阳中路营业部
国元证券,36 淮北淮海路营业部
国元证券,38 马鞍山雨山西路营业部
国元证券,39 铜陵义安南路营业部
国元证券,40 阜阳临泉路营业部
国元证券,41 滁州琅琊东路营业部
国元证券,42 宿州汴河路营业部
国元证券,43 安庆人民路营业部
国元证券,44 六安人民路营业部
国元证券,45 巢湖团结东路营业部
国元证券,46 宣城状元北路营业部
国元证券,47 黄山新街营业部
国元证券,51 天津河北路营业部
国元证券,52 北京东直门外大街营业部
国元证券,53 沈阳北站路营业部
国元证券,55 青岛辽宁路营业部
国元证券,55 青岛源头路营业部
国元证券,55 青岛山东路营业部
国元证券,55 青岛延安路营业部
国元证券,55 青岛四流中路营业部
国元证券,60 上海威海路营业部
国元证券,61 杭州密渡桥路营业部
国元证券,63 中山体育路营业部
国元证券,65 大连金州营业部
国元证券,66 无锡学前街营业部
国元证券,67 重庆观音桥步行街营业部
国元证券,68 珠海金湾南翔路营业部
国元证券,69 太和人民路营业部
国元证券,70 亳州魏武大道营业部
国元证券,71 武汉花园中路营业部
国元证券,72 盐城解放南路营业部
国元证券,73 天长园林路营业部
国元证券,75 佛山季华五路营业部
国元证券,76 南陵青铜路营业部
国元证券,77 南昌青山南路营业部
国元证券,78 桐城龙眠中路营业部
国元证券,79 福州五一南路营业部
国元证券,80 厦门钟林路营业部
国元证券,81 临沂八一路营业部
国元证券,82 太原新建南路营业部
国元证券,83 郑州金水东路营业部
国元证券,85 贵阳金阳碧海南路营业部
国元证券,86 广州体育东路营业部
国元证券,87 无为十字街营业部
国元证券,88 宁国宁城中路营业部
国元证券,89 长沙芙蓉中路营业部
国元证券,101 马鞍山华飞路营业部
国元证券,102 池州青阳路营业部
国元证券,103 绍兴金柯桥大道营业部
国元证券,105 台州世纪大道营业部
国元证券,106 定远东城路营业部
国元证券,107 蚌埠兴业街营业部
国元证券,108 嘉兴洪兴西路江南摩尔营业部
国元证券,109 佛山顺德新桂北路营业部
国元证券,
国泰君安,版本号填
  6.00（最新版本号见券商通达信软件"帮助关于"菜单第一行文字字母V后面的数字）
国泰君安,登录模式选 "资金帐号"
国泰君安,通讯密码(如果所在券商无通讯密码就不填)
国泰君安,交易账号(软件自动填,券商通达信软件内股东列表查询结果的资金账号） 
国泰君安,
国泰君安,
国泰君安,
国泰君安,
国泰君安,
国泰君安,
国泰君安,
国泰君安,
国泰君安,
国泰君安,
国泰君安,
国泰君安,
国泰君安,
国泰君安,
国泰君安,
国泰君安,
国泰君安,
国泰君安,
国泰君安,
国泰君安,
国泰君安,
国泰君安,
国泰君安,
国泰君安,
国泰君安,
国泰君安,
国泰君安,
国泰君安,
国泰君安,
国泰君安,
国泰君安,
国泰君安,
国泰君安,
国泰君安,
国泰君安,
国泰君安,
国泰君安,
国泰君安,
国泰君安,
国泰君安,
国泰君安,
国泰君安,
国泰君安,
国泰君安,
国泰君安,
国泰君安,
国泰君安,
国泰君安,
国泰君安,
国泰君安,
国泰君安,
国泰君安,
国泰君安,
国泰君安,
国泰君安,
国泰君安,
国泰君安,
国泰君安,
国泰君安,
国泰君安,
国泰君安,
国泰君安,
国泰君安,
国泰君安,
国泰君安,
国泰君安,
国泰君安,
国泰君安,
国泰君安,
国泰君安,
国泰君安,
国泰君安,
国泰君安,
国泰君安,
国泰君安,
国泰君安,
国泰君安,
国泰君安,
国泰君安,
国泰君安,
国泰君安,
国泰君安,
国泰君安,
国泰君安,
国泰君安,
国泰君安,
国泰君安,
国泰君安,
国泰君安,
国泰君安,
国泰君安,
国泰君安,
国泰君安,
国泰君安,
国泰君安,
国泰君安,
国泰君安,
国泰君安,
国泰君安,
国泰君安,
国泰君安,
国泰君安,
国泰君安,
国泰君安,
国泰君安,
国泰君安,
国泰君安,
国泰君安,
国泰君安,
国泰君安,
国泰君安,
国泰君安,
国泰君安,
国泰君安,
国泰君安,
国泰君安,
国泰君安,
国泰君安,
国泰君安,
国泰君安,
国泰君安,
国泰君安,
国泰君安,
国泰君安,
国泰君安,
国泰君安,
国泰君安,
国泰君安,
国泰君安,
国泰君安,
国泰君安,
国泰君安,
国泰君安,
国泰君安,
国泰君安,
国泰君安,
国泰君安,
国泰君安,
国泰君安,
国泰君安,
国泰君安,
国泰君安,
国泰君安,
国泰君安,
国泰君安,
国泰君安,
国泰君安,
国泰君安,
国泰君安,
国泰君安,
国泰君安,
国泰君安,
国泰君安,
国泰君安,
国泰君安,
国泰君安,
国泰君安,
国泰君安,
国泰君安,
国泰君安,
国泰君安,
国泰君安,
国泰君安,
国泰君安,
国泰君安,
国泰君安,
国泰君安,
国泰君安,
国泰君安,
国泰君安,
国泰君安,
国泰君安,
国泰君安,
国泰君安,
国泰君安,
国泰君安,
国泰君安,
国泰君安,
国泰君安,
国泰君安,
国泰君安,
国泰君安,
国泰君安,
国泰君安,
国泰君安,
国泰君安,
国泰君安,
国泰君安,
国泰君安,
国泰君安,
国泰君安,
国泰君安,
国泰君安,
国泰君安,
国泰君安,
国泰君安,
国泰君安,
国泰君安,
国泰君安,
国泰君安,
国泰君安,
国泰君安,
国泰君安,
国泰君安,
国泰君安,
国泰君安,
国泰君安,
国泰君安,
国联证券,营业部代码
国联证券,1 普通交易
国联证券,2 融资融券交易
国联证券,
国联证券,
国联证券,
国联证券,
国联证券,
国联证券,
国联证券,
国联证券,
国联证券,
国联证券,
国金证券,版本号填
  7.02（最新版本号见券商通达信软件"帮助关于"菜单第一行文字字母V后面的数字）
国金证券,登录模式选 "资金帐号"
国金证券,通讯密码(如果所在券商无通讯密码就不填)
国金证券,交易账号(打开券商通达信软件，股东列表查询结果的资金账号就是交易账号） 
国金证券,
国金证券,
国金证券,
国金证券,
国金证券,
国金证券,
国金证券,
国海证券,营业部代码
国海证券,1 普通交易
国海证券,2 融资融券交易
国海证券,
国海证券,
国海证券,
国海证券,
国海证券,
国海证券,
国海证券,
国海证券,
国海证券,
国海证券,
国海证券,
国海证券,
国海证券,
国海证券,
国海证券,
国海证券,
国海证券,
国海证券,
国海证券,
国海证券,
国海证券,
广发证券,营业部代码
广发证券,0 普通交易
广发证券,1 信用交易
广发证券,
广发证券,
广发证券,
广发证券,
广发证券,
广州证券,营业部代码
广州证券,0 融资融券交易(请输入10位全资金帐号)
广州证券,21 黄埔营业部
广州证券,22 西湖路营业部(原东园横)
广州证券,23 江南营业部
广州证券,24 中山八营业部
广州证券,25 番禺营业部
广州证券,26 先烈中营业部(原北较场)
广州证券,27 增城营业部
广州证券,28 花都营业部
广州证券,29 先烈中营业部(东山)
广州证券,31 杭州营业部
广州证券,32 西湖路营业部
广州证券,33 北京营业部
广州证券,34 大石营业部
广州证券,35 新塘营业部
广州证券,36 南海营业部
广州证券,37 惠州营业部
广州证券,38 大岗营业部
广州证券,39 花都狮岭营业部
广州证券,41 东莞东城中路营业部
广州证券,42 珠海银桦路营业部
广州证券,43 广州珠江西路营业部
广州证券,45 广州长堤大马路营业部
广州证券,46 江门冈州大道营业部
广州证券,47 九江都昌营业部
广州证券,48 清远广清大道营业部
广州证券,49 肇庆古塔北路营业部
广州证券,50 东莞石龙营业部
广州证券,51 南京江东中路营业部
广州证券,52 重庆民权路营业部
广州证券,54 天津友谊路营业部
广州证券,58 上海福山路营业部
广州证券,60 厦门鹭江道营业部
广州证券,59 郑州商务外环路营业部
广州证券,61 温州车站大道营业部
广州证券,
光大证券,版本号填
  6.28（最新版本号见券商通达信软件"帮助关于"菜单第一行文字字母V后面的数字）
光大证券,登录模式选 "资金帐号"
光大证券,通讯密码(如果所在券商无通讯密码就不填)
光大证券,交易账号(打开券商通达信软件，股东列表查询结果的资金账号就是交易账号） 
光大证券,
光大证券,
光大证券,
光大证券,
光大证券,
华泰证券,营业部代码
华泰证券,0 普通交易
华泰证券,3 信用交易
华泰证券,
华泰证券,
华泰证券,
华泰证券,
华泰证券,
华泰证券,
华泰证券,
华泰证券,
华泰证券,
华泰证券,
华泰证券,
华龙证券,营业部代码
华龙证券,1088   
  X融资融券交易专用营业部
华龙证券,3101   
  3101(兰州静宁路营业部)
华龙证券,3102   
  3102(兰州民主东路营业部)
华龙证券,3103   
  3103(兰州七里河营业部)
华龙证券,3104   
  3104(兰州农民巷营业部)
华龙证券,3105   
  3105(兰州永昌路营业部)
华龙证券,3106   
  3106(兰州合水路营业部)
华龙证券,3107   
  3107(兰州民主西路营业部)
华龙证券,3108   
  3108(兰州东岗西路营业部)
华龙证券,3117   
  3117(兰州雁滩路营业部)
华龙证券,3120   
  3120(兰州酒泉路营业部)
华龙证券,3138   
  3138(兰州安宁东路营业部)
华龙证券,3150   
  3150(榆中栖云北路营业部)
华龙证券,3323   
  3323(平凉西大街营业部)
华龙证券,3721   
  3721(酒泉西文化街营业部)
华龙证券,4311   
  4311(白银四龙路营业部)
华龙证券,3810   
  3810(天水广场营业部)
华龙证券,5101   
  5101(无锡人民东路营业部)
华龙证券,5722   
  5722(杭州杭大路营业部)
华龙证券,5514   
  5514(深圳深南大道营业部)
华龙证券,5555   
  5555(长治英雄南路营业部)
华龙证券,1015   
  1015(北京安外大街营业部)
华龙证券,1651   
  1651(廊坊和平路营业部)
华龙证券,2112   
  2112(上海长宁路营业部)
华龙证券,2113   
  2113(上海中山北二路营业部)
华龙证券,2316   
  2316(重庆新华路营业部)
华龙证券,3624   
  3624(张掖西大街营业部)
华龙证券,3226   
  3226(定西永定东路营业部)
华龙证券,3528   
  3528(武威胜利街营业部)
华龙证券,3829   
  3829(天水麦积区营业部)
华龙证券,3530   
  3530(金昌上海路营业部)
华龙证券,3933   
  3933(陇南建设路营业部)
华龙证券,3032   
  3032(临夏红园路营业部)
华龙证券,3431   
  3431(庆阳西大街营业部)
华龙证券,5288   
  5288(合肥市亳州路营业部)
华龙证券,9135   
  9135(乌鲁木齐扬子江路营业部)
华龙证券,3736   
  3736(敦煌鸣山路营业部)
华龙证券,2939   
  2939(西安太白南路营业部)
华龙证券,1758   
  1758(宝鸡中山东路营业部)
华龙证券,3340   
  3340(平凉崆峒东路营业部)
华龙证券,3841   
  3841(甘谷广场营业部)
华龙证券,3842   
  3842(秦安营业部)
华龙证券,3243   
  3243(陇西营业部)
华龙证券,
华西证券,营业部代码
华西证券,0 信用交易
华西证券,100 玉龙营业部
华西证券,200 江油营业部
华西证券,300 乐山营业部
华西证券,400 南充营业部
华西证券,500 自贡营业部
华西证券,600 绵阳营业部
华西证券,700 广汉营业部
华西证券,800 遂宁营业部
华西证券,900 南一环营业部
华西证券,1000 峨眉营业部
华西证券,1100 万州营业部
华西证券,1200 攀枝花营业部
华西证券,1300 宜宾营业部
华西证券,1400 雅安营业部
华西证券,1500 深圳营业部
华西证券,1600 上海营业部
华西证券,1700 广安营业部
华西证券,1800 东一环（原猛追湾）营业部
华西证券,1900 东大街高升桥新址
华西证券,2000 抚琴高升桥新址
华西证券,2100 达州营业部
华西证券,2200 梁平营业部
华西证券,2300 云阳营业部
华西证券,2400 射洪营业部
华西证券,2500 夹江营业部
华西证券,2600 阆中营业部
华西证券,2700 南充营山营业部
华西证券,2800 陕西街营业部
华西证券,2900 北京营业部
华西证券,3000 杭州营业部
华西证券,3100 大连营业部
华西证券,3200 广州营业部
华西证券,3300 富顺营业部
华西证券,3500 重庆营业部
华西证券,3600 三台营业部
华西证券,3700 什邡营业部
华西证券,3800 沙湾营业部
华西证券,3900 珙县营业部
华西证券,4000 荥经营业部
华西证券,4100 武胜营业部
华西证券,4200 彭州西大街营业部
华西证券,4300 郫县东大街营业部
华西证券,4400 渠县营业部
华西证券,4700 天津营业部
华西证券,4800 眉山营业部
华西证券,4900 资阳营业部
华西证券,5400 广元营业部
华西证券,5500 巴中营业部
华西证券,5700 青白江营业部
华西证券,5800 泸州营业部
华西证券,5900 南京营业部
华西证券,6700 西昌营业部
华西证券,7000 北京通州营业部
华西证券,7100 上海九亭大街营业部
华西证券,7200 武汉营业部
华西证券,7301 南充南部幸福路营业部
华西证券,7302 仁寿阳光路营业部
华西证券,7303 宜宾县宜建路营业部
华西证券,7304 德阳南街营业部
华西证券,7305 荣县望景路营业部
华西证券,7306 四川大竹县北大街营业部
华西证券,7307 四川安县恒源大道营业部
华西证券,7308 四川邻水县东临路营业部
华西证券,7309 四川安岳柠都大道营业部
华西证券,7310 四川内江太白路营业部
华西证券,
华西证券,
华西证券,
华西证券,
华西证券,
华西证券,
华西证券,
华西证券,
华西证券,
华西证券,
华西证券,
华西证券,
华西证券,
华西证券,
华西证券,
华西证券,
华西证券,
华西证券,
华西证券,
华鑫证券,营业部代码
华鑫证券,0010 普通交易
华鑫证券,0011 融资融券交易
华鑫证券,
华鑫证券,
华鑫证券,
华鑫证券,
华鑫证券,
华鑫证券,
华鑫证券,
华鑫证券,
华鑫证券,
华鑫证券,
华鑫证券,
华鑫证券,
华林证券,营业部代码
华林证券,0 普通交易
华林证券,1 融资融券交易
华林证券,
华林证券,
华林证券,
华林证券,
华林证券,
华林证券,
华林证券,
华林证券,
华林证券,
华林证券,
华林证券,
华林证券,
华林证券,
华林证券,
华林证券,
华林证券,
华林证券,
华林证券,
华林证券,
华林证券,
华林证券,
华林证券,
华林证券,
华林证券,
华林证券,
华林证券,
华林证券,
华林证券,
华林证券,
华林证券,
华林证券,
华林证券,
华林证券,
华林证券,
华林证券,
华林证券,
华林证券,
华林证券,
华安证券,营业部代码
华安证券,1 普通交易
华安证券,3 融资融券交易
华安证券,
华安证券,
华安证券,
华安证券,
华安证券,
华福证券,营业部代码填 1
华福证券,登录模式选 "客户号"
华福证券,版本号填
  6.1（最新版本号见券商通达信软件"帮助关于"菜单第一行文字字母V后面的数字）
华福证券,通讯密码(如果所在券商无通讯密码就不填)
华福证券,交易账号(打开券商通达信软件，股东列表查询结果的资金账号就是交易账号）
华福证券,
华福证券,
华融证券,营业部代码
华融证券,1001        
  v 融资融券交易
华融证券,6504        
  A 阿克苏东大街营业部
华融证券,1001        
  B 北京金融街营业部
华融证券,1002        
  B 北京石景山营业部
华融证券,1003        
  B 北京太平桥营业部
华融证券,2201        
  C 长春人民大街营业部
华融证券,4301        
  C 长沙五一西路营业部
华融证券,4304        
  C 长沙韶山路营业部
华融证券,4308        
  C 常德武陵大道营业部
华融证券,5101        
  C 成都青龙街营业部
华融证券,5501        
  C 重庆中山三路营业部
华融证券,5502        
  C 重庆天星桥营业部
华融证券,5504        
  C 重庆新南路营业部
华融证券,3501        
  F 福州乌山路营业部
华融证券,4401        
  G 广州林和西路营业部
华融证券,5201        
  G 贵阳新华路营业部
华融证券,3301        
  H 杭州延安路营业部
华融证券,3401        
  H 合肥宁国南路营业部
华融证券,4303        
  H 衡阳东风南路营业部
华融证券,3701        
  J 济南泺源大街营业部
华融证券,5301        
  K 昆明春城路营业部
华融证券,4306        
  L 娄底春园路营业部
华融证券,3601        
  N 南昌绿菌路营业部
华融证券,3201        
  N 南京市北京东路营业部
华融证券,1401        
  T 太原长治路营业部
华融证券,1201        
  T 天津鞍山西道营业部
华融证券,3102        
  S 上海华山路营业部
华融证券,3103        
  S 上海张杨路营业部
华融证券,3101        
  S 上海周家嘴路营业部
华融证券,2101        
  S 沈阳同泽北街营业部
华融证券,4402        
  S 深圳金田路营业部
华融证券,6501        
  W 乌鲁木齐人民路营业部
华融证券,4201        
  W 武汉解放大道营业部
华融证券,6101        
  X 西安小寨西路营业部
华融证券,6502        
  X 新疆独山子营业部
华融证券,6503        
  X 新疆石化营业部
华融证券,4101        
  Z 郑州商务外环路营业部
华融证券,4302        
  Z 株洲天台路营业部
华融证券,
宏信证券,营业部代码
宏信证券,1 普通交易
宏信证券,3000 融资融券
宏信证券,
宏信证券,
宏信证券,
宏信证券,
宏源证券,营业部代码
宏源证券,0 融资融券交易
宏源证券,8021 北京紫竹院路证券营业部
宏源证券,8201 北京东四环中路证券营业部
宏源证券,8234 北京金融大街证券营业部
宏源证券,8240 北京丰北路证券营业部
宏源证券,8007 上海浦北路证券营业部
宏源证券,8008 上海妙境路证券营业部
宏源证券,8019 上海中山北一路证券营业部
宏源证券,8038 上海康定路证券营业部
宏源证券,8202 上海源深路证券营业部
宏源证券,8005 深圳上步中路证券营业部
宏源证券,8006 深圳莲花路证券营业部
宏源证券,8208 深圳福华一路证券营业部
宏源证券,8207 广州广州大道中证券营业部
宏源证券,8237 中山中山四路证券营业部
宏源证券,8031 杭州体育场路证券营业部
宏源证券,8025 杭州莫干山路证券营业部
宏源证券,8033 杭州浙大路证券营业部
宏源证券,8034 杭州金华路证券营业部
宏源证券,8235 台州腾达路证券营业部
宏源证券,8211 厦门厦禾路证券营业部
宏源证券,8217 长沙韶山北路证券营业部
宏源证券,8015 大连友好路证券营业部
宏源证券,8016 大连金马路证券营业部
宏源证券,8010 沈阳十一纬路证券营业部
宏源证券,8017 盐城大庆中路证券营业部
宏源证券,8018 盐城解放北路证券营业部
宏源证券,8263 盐城滨海海滨大道证券营业部
宏源证券,8264 盐城城南新区解放南路证券营业部
宏源证券,8265 盐城建湖湖中路证券营业部
宏源证券,8266 盐城东台望海东路证券营业部
宏源证券,8267 盐城射阳兴阳广场证券营业部
宏源证券,8268 临沂沂河路证券营业部
宏源证券,8221 宜兴人民中路证券营业部
宏源证券,8218 南京汉中路证券营业部
宏源证券,8020 柳州解放南路证券营业部
宏源证券,8012 桂林漓江路证券营业部
宏源证券,8024 南宁英华路证券营业部
宏源证券,8022 武汉和平大道证券营业部
宏源证券,8037 昆明祥云街证券营业部
宏源证券,8011 海口龙昆北路证券营业部
宏源证券,8232 海口琼州大道证券营业部
宏源证券,8231 天津滨海新区黄海路证券营业部
宏源证券,8233 烟台大马路证券营业部
宏源证券,8100 乌鲁木齐文艺路证券营业部
宏源证券,8002 乌鲁木齐公园北街证券营业部
宏源证券,8003 乌鲁木齐北京路证券营业部
宏源证券,8004 克拉玛依准噶尔路证券营业部
宏源证券,8102 乌鲁木齐北京南路证券营业部
宏源证券,8103 乌鲁木齐和平北路证券营业部
宏源证券,8108 乌鲁木齐新华南路证券营业部
宏源证券,8107 乌鲁木齐解放南路证券营业部
宏源证券,8109 乌鲁木齐友好路证券营业部
宏源证券,8110 昌吉延安路证券营业部
宏源证券,8111 哈密天山北路证券营业部
宏源证券,8112 喀什克孜都维路证券营业部
宏源证券,8113 克拉玛依天山路证券营业部
宏源证券,8115 库尔勒建设路证券营业部
宏源证券,8116 奎屯乌鲁木齐东路证券营业部
宏源证券,8117 石河子西环路证券营业部
宏源证券,8118 伊宁市斯大林街证券营业部
宏源证券,8119 五家渠振兴街证券营业部
宏源证券,8120 呼图壁东风路证券营业部
宏源证券,8121 玛纳斯团结路证券营业部
宏源证券,8122 奇台东大街证券营业部
宏源证券,1006 阜康天池南街证券营业部
宏源证券,8124 哈密吐哈石油证券营业部
宏源证券,8125 泽普石油基地证券营业部
宏源证券,8126 阿图什帕米尔路证券营业部
宏源证券,8127 乌苏北京西路证券营业部
宏源证券,1002 阿勒泰文化路证券营业部
宏源证券,8129 库车天山东路证券营业部
宏源证券,1000 乌鲁木齐深圳街证券营业部
宏源证券,1001 阿克苏新华东路证券营业部
宏源证券,1003 乌鲁木齐绿洲街证券营业部
宏源证券,1004 博乐北京路证券营业部
宏源证券,1005 昌吉延安北路证券营业部
宏源证券,1010 乌鲁木齐古牧地中路证券营业部
宏源证券,1012 鄯善新城路证券营业部
宏源证券,1013 石河子北四路证券营业部
宏源证券,1014 塔城新华路证券营业部
宏源证券,1015 吐鲁番文化路证券营业部
宏源证券,8238 唐山光明路证券营业部
宏源证券,8239 郑州商务外环路证券营业部
宏源证券,8241 济南文化西路证券营业部
宏源证券,8236 重庆华一路证券营业部
宏源证券,8242 成都蜀金路证券营业部
宏源证券,8130 克拉玛依友谊路南证券营业部
宏源证券,8131 库尔勒利民路证券营业部
宏源证券,8243 合肥马鞍山路证券营业部
宏源证券,8244 哈尔滨汉水路证券营业部
宏源证券,8245 南通工农北路证券营业部
宏源证券,8246 南昌新建长麦路证券营业部
宏源证券,8247 银川上海西路证券营业部
宏源证券,8248 鞍山胜利路证券营业部
宏源证券,8249 湛江人民大道中证券营业部
宏源证券,8250 深圳深南大道证券营业部
宏源证券,8252 青岛闽江路营业部
宏源证券,8258 呼和浩特新华东街营业部
宏源证券,8259 贵阳花果园大街营业部
宏源证券,8262 天津华天道营业部
宏源证券,8253 长春西安大路证券营业部
宏源证券,8257 保定裕华西路证券营业部
宏源证券,8269 益阳龙洲南路证券营业部
宏源证券,8270 大连金州香水路证券营业部
宏源证券,8271 大连星河路证券营业部
宏源证券,8272 成都建设南街证券营业部
宏源证券,8273 武汉东风三路证券营业部
宏源证券,8274 宜兴环科园新城路证券营业部
宏源证券,8275 镇江句容华阳东路证券营业部
宏源证券,8276 扬州江都龙川南路证券营业部
宏源证券,8256 石家庄裕华东路证券营业部
宏源证券,8277 温岭万昌西路证券营业部
宏源证券,8278 上海金山枫丽路证券营业部
宏源证券,8279 本溪人民路证券营业部
宏源证券,8280 厦门莲前东路证券营业部
宏源证券,8281 桂林中山南路证券营业部
宏源证券,8282 钦州永福西路证券营业部
宏源证券,8283 富阳江滨西大道证券营业部
宏源证券,8301 临安广电路证券营业部
宏源证券,
红塔证券,营业部代码
红塔证券,1 普通交易
红塔证券,2 融资融券交易
红塔证券,
红塔证券,
红塔证券,
红塔证券,
红塔证券,
红塔证券,
红塔证券,
红塔证券,
红塔证券,
红塔证券,
海通证券,营业部代码
海通证券,0000   
  10位客户号直接登陆                
    
海通证券,9999   
  融资融券                          
    
海通证券,0175   
  a安徽合肥人民中路                 
    
海通证券,0352    a安庆湖心北路营业部                 
海通证券,0075    a鞍山二道街                          
海通证券,0325    a鞍山岫岩营业部                     
海通证券,0059    b蚌埠中荣街                          
海通证券,0057    b北京工人体育场北路                  
海通证券,0056   
  b北京光华路               
海通证券,0342    b北京平谷金乡路                     
海通证券,0349    b北京密云鼓楼东大街营业部           
海通证券,0262    b北京知春路营业部                   
海通证券,0058    b北京中关村南大街                    
海通证券,0086    B股中心                             
海通证券,0055    c长春大经路                          
海通证券,0096    c长沙五一大道                        
海通证券,0335    c常德朗州路                          
海通证券,0166    c常熟海虞北路                        
海通证券,0089    c常州健身路                          
海通证券,0063    c成都人民西路                        
海通证券,0355   
  c成都温江营业部                    
海通证券,0275   
  c成县东大街营业部              
海通证券,0035   
  c重庆加州花园路                    
海通证券,0037   
  c重庆中山三路                      
海通证券,0041    d大连天津街                          
海通证券,0268   
  d大庆乘风大街营业部                
海通证券,0331    d大庆红岗北路东街                   
海通证券,0127   
  d大庆经六街                        
海通证券,0074   
  d大庆昆仑大街                
海通证券,0254   
  d大庆经三街营业部                  
海通证券,0297   
  d大兴安岭漠河振兴路                
海通证券,0337    d丹阳丹金路营业部                    
海通证券,0298   
  d东丰东风路营业部                  
海通证券,0263   
  d东莞胜和路营业部                  
海通证券,0351   
  f阜阳清河东路营业部                
海通证券,0274   
  f肥城新城路营业部                  
海通证券,0033   
  f福州群众路                       
海通证券,0366   
  f佛山顺德营业部                    
海通证券,0116    g固定收益部                         
海通证券,0363   
  g赣州红旗大道营业部                
海通证券,0080    g广东汕头中山中路                    
海通证券,0128    g广州东风西路                        
海通证券,0129    g广州江南西路                        
海通证券,0368    g广州珠江西营业部                    
海通证券,0371    g广西柳州桂中大道营业部              
海通证券,0078   
  g贵阳富水北路         
海通证券,0284    g贵阳同心西路营业部                 
海通证券,0103    g国际业务部                         
海通证券,0038    h哈尔滨和平路                       
海通证券,0242   
  h哈尔滨长江路营业部                
海通证券,0243    h哈尔滨果戈理大街营业部              
海通证券,0291   
  h哈尔滨呼兰北二道街                
海通证券,0244   
  h哈尔滨东直路营业部    
海通证券,0290   
  h哈尔滨双城昌盛街                  
海通证券,0245    h哈尔滨通江街营业部                 
海通证券,0246    h哈尔滨西大直街营业部               
海通证券,0247    h哈尔滨新阳路营业部                 
海通证券,0248    h哈尔滨中山路营业部                 
海通证券,0067    h海口龙昆北路                        
海通证券,0072    h杭州环城西路                        
海通证券,0071    h杭州解放路                         
海通证券,0073   
  h杭州文化路                        
海通证券,0249   
  h鹤岗东解放路营业部               
海通证券,0269    h黑河北安交通路                     
海通证券,0329   
  h黑河嫩江嫩兴路                    
海通证券,0362    h黑河中央街营业部                   
海通证券,0377   
  h湖南衡阳营业部                 
海通证券,0032    h淮安淮海南路                       
海通证券,0341    h淮北相山路营业部                   
海通证券,0273    h桓台东岳路营业部                   
海通证券,0346    h淮南田大路营业部                   
海通证券,0293    j鸡西虎林红旗街                     
海通证券,0289   
  j鸡西密山东安街营业部              
海通证券,0250   
  j鸡西中心大街营业部                
海通证券,0062   
  j吉林南京街                        
海通证券,0272    j济南洪家楼南路                     
海通证券,0361   
  j佳木斯保卫路营业部                
海通证券,0253   
  j加格达奇兴安大街                  
海通证券,0277    j嘉峪关新华中路                     
海通证券,0357   
  j嘉兴中山西路营业部                
海通证券,0338    j江都龙城路营业部                   
海通证券,0234    j金昌长春路                         
海通证券,0322    j景洪嘎兰中路营业部                 
海通证券,0060    k昆明东风西路                       
海通证券,0239   
  l兰州安宁路营业部                  
海通证券,0235    l兰州东岗东路营业部                 
海通证券,0237   
  l兰州天水路营业部                  
海通证券,0236    l兰州武都路营业部                   
海通证券,0238    l兰州西津西路营业部                 
海通证券,0031   
  l辽源                             
海通证券,0280   
  l洛阳体育场路                      
海通证券,0348   
  m弥勒冉翁路营业部                  
海通证券,0356   
  m马鞍山湖东中路营业部              
海通证券,0282   
  m牡丹江东宁繁荣街                  
海通证券,0281    m牡丹江海林林海路                   
海通证券,0255   
  m牡丹江牡丹街营业部               
海通证券,0332   
  m牡丹江宁安营业部                  
海通证券,0256   
  m牡丹江平安街营业部                
海通证券,0365   
  n南昌广场北路营业部                
海通证券,0092   
  n南京常府街                        
海通证券,0130    n南京广州路                         
海通证券,0176    n南宁人民东路                       
海通证券,0174    n南通人民中路                       
海通证券,0131   
  n宁波百丈东路                      
海通证券,0147   
  n宁波解放北路                   
海通证券,0324    p盘锦人民路营业部                   
海通证券,0251    q七台河山湖路营业部                 
海通证券,0259   
  q齐齐哈尔安顺路                   
海通证券,0257    q齐齐哈尔卜奎大街                   
海通证券,0258    q齐齐哈尔和平大街                   
海通证券,0326    q齐齐哈尔讷河中心大街               
海通证券,0045   
  q青岛杭州路                        
海通证券,0044   
  q青岛宁夏                         
海通证券,0046   
  q青岛湛山一路                      
海通证券,0276    q庆阳北大街营业部                   
海通证券,0165   
  q泉州田安璐                        
海通证券,0064   
  s山东济南泉城路                    
海通证券,0065    s山东泰安岱宗大街                   
海通证券,0081    s山东烟台解放路                     
海通证券,0023   
  s上海本溪(原唐山)                  
海通证券,0161   
  s上海南桥                   
海通证券,0012   
  s上海崮山路营业部                  
海通证券,0260   
  s上海桂林路营业部                  
海通证券,0026   
  s上海合肥                        
海通证券,0017   
  s上海建国西路                      
海通证券,0024    s上海江宁                          
海通证券,0005   
  s上海老沪闵路(原岳阳路)            
海通证券,0008   
  s上海临汾                         
海通证券,0007   
  s上海牡丹江路                      
海通证券,0339   
  s上海南翔营业部                   
海通证券,0013   
  s上海平武路                      
海通证券,0006   
  s上海乳山路(原崂东)               
海通证券,0004   
  s上海四川南路                    
海通证券,0027    s上海天平                          
海通证券,0233    s上海天山西路                       
海通证券,0168   
  s上海铜川路                        
海通证券,0231   
  s上海吴中路                        
海通证券,0021    s上海香港                          
海通证券,0029   
  s上海斜土(原瑞南)                  
海通证券,0002   
  s上海宣化路(原愚园)                
海通证券,0015   
  s上海延长西                   
海通证券,0003   
  s上海余姚(原梅园)                 
海通证券,0028   
  s上海玉田支路                   
海通证券,0261   
  s上海枣阳路营业部                 
海通证券,0010   
  s上海真华(原新沪)                 
海通证券,0009   
  s上海种德桥(原延西)                
海通证券,0025   
  s上海周家嘴                        
海通证券,0343   
  s上海松江营业部                    
海通证券,0345   
  s上海青浦营业部                    
海通证券,0079   
  s上虞百官镇                       
海通证券,0070   
  s绍兴劳动路                        
海通证券,0137   
  s深圳宝安南                        
海通证券,0132   
  s深圳海德三道                      
海通证券,0135   
  s深圳红岭南留                      
海通证券,0133   
  s深圳红岭中路                      
海通证券,0134   
  s深圳华富路                       
海通证券,0136    s深圳福华三路                       
海通证券,0138   
  s深圳景田路                       
海通证券,0264   
  s深圳深南三路营业部                
海通证券,0139   
  s沈阳大西路                       
海通证券,0323   
  s嵊州西前街营业部                 
海通证券,0066   
  s石家庄师范街                    
海通证券,0330   
  s石家庄藁城胜利路                 
海通证券,0252   
  s双鸭山五马路营业部               
海通证券,0034   
  s苏州竹辉路                        
海通证券,0267    s绥芬河山城路营业部                 
海通证券,0271   
  s绥化安达北四道街                  
海通证券,0292   
  s绥化中直南路营业部                
海通证券,0373   
  s山东枣阳营业部                
海通证券,0374   
  s四川绵阳营业部               
海通证券,0375   
  g广西桂林营业部                
海通证券,0376   
  s陕西榆林营业部                
海通证券,0369   
  s韶关文化街营业部               
海通证券,0076   
  t太原新建路                       
海通证券,0266   
  t太原西矿街营业部                  
海通证券,0287   
  t太原兴华街营业部                  
海通证券,0288   
  t太原长风西街营业部                
海通证券,0336   
  t泰州鼓楼南路营业部                
海通证券,0053   
  t天津霞光道营业部        
海通证券,0279   
  t天水新华路营业部                  
海通证券,0097   
  w威海高山街                        
海通证券,0172   
  w乌鲁木齐新医路                   
海通证券,0090   
  w无锡解放东路                   
海通证券,0155   
  w芜湖文化路                     
海通证券,0360   
  w武汉十升路营业部                  
海通证券,0050   
  w武汉江大路                       
海通证券,0054   
  w武汉中北路                    
海通证券,0278   
  w武威建国街营业部                  
海通证券,0372   
  x厦门乐海北里营业部          
海通证券,0359   
  x咸宁潜山路营业部                  
海通证券,0077   
  x西安西新街                      
海通证券,0162   
  x咸阳沈兴北路                      
海通证券,0095   
  x新余劳动南路                     
海通证券,0270   
  x新余分宜府前路营业部              
海通证券,0163   
  x许昌建设路                     
海通证券,0358   
  x徐州中山北路                    
海通证券,0350   
  y义乌新马路营业部                 
海通证券,0353   
  y伊春新兴中路营业部               
海通证券,0167   
  y盐城建军中路                      
海通证券,0091   
  y扬州汶河南路                      
海通证券,0042   
  y营口辽河大街                      
海通证券,0373   
  z枣庄泰山南路营业部                
海通证券,0367   
  z浙江湖州南浔营业部                
海通证券,0098    z郑州经七路                         
海通证券,0048    z淄博石化                          
海通证券,0049   
  z淄博通济街                        
海通证券,0093   
  z遵义中华南路                    
海通证券,0370    z江苏镇江中山西路营业部              
海通证券,
恒泰证券,营业部代码
恒泰证券,0001 普通交易
恒泰证券,30000 信用交易
恒泰证券,
恒泰证券,
恒泰证券,
江海证券,营业部代码
江海证券,1 普通交易
江海证券,3 融资融券交易
江海证券,
江海证券,
江海证券,
江海证券,
江海证券,
江海证券,
江海证券,
江海证券,
金元证券,营业部代码
金元证券,1 普通交易
金元证券,3 融资融券交易
金元证券,
金元证券,
金元证券,
金元证券,
金元证券,
九州证券,营业部代码
九州证券,1 普通交易
九州证券,2 融资融券
九州证券,
九州证券,
开源证券,营业部代码
开源证券,1 普通交易
开源证券,2 融资融券
开源证券,
开源证券,
开源证券,
联讯证券,营业部代码
联讯证券,0   
  普通交易                  
联讯证券,2   
  融资融券交易                         
     
联讯证券,
联讯证券,
联讯证券,
民生证券,版本号填
  7.09（最新版本号见券商通达信软件"帮助关于"菜单第一行文字字母V后面的数字）
民生证券,登录模式选 "资金账号"
民生证券,通讯密码(如果所在券商无通讯密码就不填)
民生证券,交易账号(打开券商通达信软件，股东列表查询结果的资金账号就是交易账号） 
民生证券,
民生证券,
民生证券,
民生证券,
民生证券,
民生证券,
民生证券,
民生证券,
民生证券,
民生证券,
民生证券,
民生证券,
民生证券,
民生证券,
民生证券,
民生证券,
民生证券,
民生证券,
民生证券,
民生证券,
民生证券,
民生证券,
民生证券,
民生证券,
民生证券,
民生证券,
民生证券,
民生证券,
民生证券,
民生证券,
民生证券,
民生证券,
民生证券,
民生证券,
民生证券,
民生证券,
民生证券,
民生证券,
民生证券,
民生证券,
民生证券,
民生证券,
民生证券,
民族证券,营业部代码
民族证券,1 普通交易
民族证券,3 融资融券交易
民族证券,
民族证券,
民族证券,
民族证券,
民族证券,
民族证券,
民族证券,
民族证券,
民族证券,
民族证券,
民族证券,
民族证券,
南京证券,营业部代码
南京证券,0 普通交易
南京证券,55 融资融券交易
南京证券,
南京证券,
平安证券,版本号填
  6.00（最新版本号见券商通达信软件"帮助关于"菜单第一行文字字母V后面的数字）
平安证券,登录模式选 "资金账号"
平安证券,通讯密码(如果所在券商无通讯密码就不填)
平安证券,交易账号(打开券商通达信软件，股东列表查询结果的资金账号就是交易账号）
平安证券,
平安证券,
平安证券,
平安证券,
平安证券,
平安证券,
平安证券,
平安证券,
平安证券,
平安证券,
平安证券,
平安证券,
平安证券,
平安证券,
平安证券,
平安证券,
平安证券,
平安证券,
平安证券,
平安证券,
平安证券,
平安证券,
平安证券,
平安证券,
平安证券,
平安证券,
平安证券,
平安证券,
平安证券,
平安证券,
平安证券,
平安证券,
平安证券,
平安证券,
平安证券,
平安证券,
平安证券,
平安证券,
平安证券,
平安证券,
平安证券,
平安证券,
平安证券,
平安证券,
平安证券,
平安证券,
平安证券,
平安证券,
齐鲁证券,
齐鲁证券,
齐鲁证券,
齐鲁证券,
齐鲁证券,
齐鲁证券,
齐鲁证券,
齐鲁证券,
齐鲁证券,
齐鲁证券,
齐鲁证券,
齐鲁证券,
齐鲁证券,
齐鲁证券,
齐鲁证券,
齐鲁证券,
齐鲁证券,
齐鲁证券,
齐鲁证券,
齐鲁证券,
齐鲁证券,
齐鲁证券,
齐鲁证券,
齐鲁证券,
齐鲁证券,
齐鲁证券,
齐鲁证券,
首创证券,营业部代码
首创证券,9999 融资融券交易
首创证券,0010 北京北辰东路营业部
首创证券,0011 北京五道口营业部
首创证券,2020 上海长宁区天山路营业部
首创证券,2010 上海斜土路营业部
首创证券,0020 石家庄中山东路营业部
首创证券,0030 石家庄和平东路营业部
首创证券,0050 石家庄新华营业部
首创证券,3020 成都府城大道1部
首创证券,3010 深圳吉华营业部
首创证券,0060 北京雍和宫营业部
首创证券,0070 天津大港振兴路营业部
首创证券,0090 哈尔滨西大直街营业部
首创证券,2030 上海共和新路营业部
首创证券,3030 成都府城大道营业部
首创证券,3050 岳阳南湖大道营业部
首创证券,3001 成都天府大道营业部
首创证券,1001 北京长阳昊天北大街营业部
首创证券,5001 石家庄长江大道营业部
首创证券,5002 河北衡水人民西路营业部
首创证券,5003 河北邢台新华路营业部
首创证券,2001 上海崇明中津桥路营业部
首创证券,3002 成都双流县华阳协和上街营业部
首创证券,3003 成都郫县新南街营业部
首创证券,6001 山东济南趵突泉北路营业部
首创证券,6002 山东青岛东海西路营业部
首创证券,7001 江苏南京古檀大道营业部
首创证券,7002 江苏苏州嘉元路营业部
首创证券,7003 江苏无锡经贸路营业部
首创证券,7005 江苏分公司
首创证券,8001 浙江杭州文二路营业部
首创证券,8002 浙江宁波日丽中路营业部
首创证券,5101 陕西西安含光路营业部
首创证券,1101 安徽合肥金寨路营业部
首创证券,0071 天津围堤道营业部
首创证券,3011 深圳金田路营业部
首创证券,0091 牡丹江西平安街营业部
首创证券,3051 长沙万家丽路营业部
首创证券,
上海证券,营业部代码
上海证券,1 普通交易
上海证券,2 融资融券交易
上海证券,
上海证券,
上海证券,
上海证券,
太平洋,营业部代码
太平洋,0001 普通交易
太平洋,30000 融资融券
太平洋,
太平洋,
太平洋,
太平洋,
太平洋,
太平洋,
天风证券,营业部代码
天风证券,1 股票交易
天风证券,2 信用交易
天风证券,
天风证券,
天风证券,
天风证券,
天风证券,
万联证券,营业部代码
万联证券,0   
  普通交易
万联证券,2   
  信用交易
万联证券,
万联证券,
五矿证券,营业部代码
五矿证券,3 融资融券交易
五矿证券,0130 B北海地区
五矿证券,0020 B北京地区
五矿证券,0060 C长沙地区
五矿证券,0070 C成都地区
五矿证券,0080 C重庆地区
五矿证券,0150 D东莞地区
五矿证券,0200 F福州地区
五矿证券,0050 G广州地区
五矿证券,0030 H杭州地区
五矿证券,0140 J揭阳地区
五矿证券,0220 N南昌地区
五矿证券,0190 P平顶山地区
五矿证券,0170 Q青岛地区
五矿证券,0120 S上海地区
五矿证券,0090 S沈阳地区
五矿证券,0010 S深圳地区
五矿证券,0180 W武汉地区
五矿证券,0210 X西安地区
五矿证券,0110 Y岳阳地区
五矿证券,0160 Z珠海地区
五矿证券,0100 Z株洲地区
五矿证券,
兴业证券,版本号填
  6.55（最新版本号见券商通达信软件"帮助关于"菜单第一行文字字母V后面的数字）
兴业证券,登录模式选 "资金帐号"
兴业证券,通讯密码(如果所在券商无通讯密码就不填)
兴业证券,交易账号(打开券商通达信软件，股东列表查询结果的资金账号就是交易账号） 
兴业证券,
兴业证券,
兴业证券,
兴业证券,
兴业证券,
西南证券,营业部代码
西南证券,1 普通交易
西南证券,2 融资融券交易
西南证券,
西南证券,
西南证券,
西南证券,
西南证券,
西南证券,
西南证券,
西南证券,
西南证券,
西南证券,
西南证券,
西南证券,
西南证券,
西南证券,
西南证券,
西部证券,营业部代码
西部证券,1 普通交易
西部证券,2 融资融券交易
西部证券,
西部证券,
西部证券,
西部证券,
西部证券,
西部证券,
西部证券,
西部证券,
西部证券,
西部证券,
西部证券,
西部证券,
西部证券,
西部证券,
西部证券,
西部证券,
西部证券,
西部证券,
西部证券,
新时代,营业部代码
新时代,0 融资融券交易
新时代,1 包头钢铁大街营业部
新时代,9 包头广场西道营业部
新时代,10 包头南门外大街营业部
新时代,11 包头少先路营业部
新时代,12 北京中关村东路营业部
新时代,23 北京东三环北路营业部
新时代,250 北京南礼士路营业部
新时代,25 北京田村中街营业部
新时代,26 北京马家堡西路营业部
新时代,27 北京天通苑营业部
新时代,522 石家庄联盟路营业部
新时代,8 上海武定路营业部
新时代,7 上海天山路营业部
新时代,33 上海陆家嘴营业部
新时代,211 上海金桥路营业部
新时代,24 郑州商务内环路营业部
新时代,2 郑州丰产路营业部
新时代,4 郑州红专路营业部
新时代,150 郑州经八路营业部
新时代,160 信阳北京大街营业部
新时代,6 三门峡崤山路营业部
新时代,5 开封西大街营业部
新时代,131 许昌许继大道营业部
新时代,3 天津西市营业部
新时代,21 天津营口道营业部
新时代,321 天津解放南路营业部
新时代,140 成都西安中路营业部
新时代,130 成都一环路营业部
新时代,19 重庆上清寺路营业部
新时代,300 绵阳绵兴东路营业部
新时代,20 深圳益田路营业部
新时代,170 深圳深南东路营业部
新时代,200 广州环市东路营业部
新时代,18 佛山南海大道营业部
新时代,260 汕头金砂东路营业部
新时代,34 汕头德政路营业部
新时代,13 扬州维扬路营业部
新时代,17 苏州白塔西路营业部
新时代,14 嘉兴梅湾街营业部
新时代,16 福州台江路营业部
新时代,180 长沙芙蓉南路营业部
新时代,190 武汉球场路营业部
新时代,15 青岛福州南路营业部
新时代,31 青岛香港中路营业部
新时代,230 宜昌东山大道营业部
新时代,32 大连虎滩路营业部
新时代,
湘财证券,营业部代码
湘财证券,9999   
  融资融券
湘财证券,18   
  1西安西华门营业部
湘财证券,5   
  2长沙韶山路营业部
湘财证券,6   
  3长沙新民路营业部
湘财证券,7   
  4长沙芙蓉中路营业部
湘财证券,8   
  5岳阳五里牌营业部
湘财证券,1   
  6北京首体南路营业部
湘财证券,2   
  7北四环东路营业部
湘财证券,3   
  8北京朝外大街营业部
湘财证券,11   
  9上海泰兴路营业部
湘财证券,9   
  10上海金杨路营业部
湘财证券,10   
  11上海金沙江路营业部
湘财证券,20   
  12沈阳绥化西街营业部
湘财证券,22   
  13成都西一环路营业部
湘财证券,30   
  14海口国贸大道营业部
湘财证券,17   
  15乌鲁木齐克拉玛依东营业部
湘财证券,29   
  16深圳深南大道营业部
湘财证券,14   
  17广州黄埔大道营业部
湘财证券,13   
  18广州恒福路营业部
湘财证券,26   
  19昆明护国路营业部
湘财证券,24   
  20南京汉中路营业部
湘财证券,25   
  21杭州教工路营业部
湘财证券,4   
  22北京顺义府前西街营业部
湘财证券,23   
  23武汉友谊大道营业部
湘财证券,27   
  25贵阳瑞金北路营业部
湘财证券,28   
  26福州东街营业部
湘财证券,21   
  27哈尔滨中山路营业部
湘财证券,16    28济南马鞍山路营业部（原济南经十一路营业部)
湘财证券,19   
  30天津大沽北路营业部
湘财证券,12   
  31上海共和新路营业部
湘财证券,31    32合肥长江中路营业部（原金寨路营业部）
湘财证券,33   
  33义乌篁园路营业部
湘财证券,34   
  34浏阳劳动路证券营业部
湘财证券,35    35深圳深南大道营业部（原宝安新湖路营业部）
湘财证券,36   
  36广州番禺光明南路营业部（原广州番禺禺山大道营业部）
湘财证券,38   
  38广州大道北营业部
湘财证券,39   
  39佛山祖庙路证券营业部
湘财证券,40   
  40水富团结路营业部
湘财证券,41   
  41株洲建设路营业部
湘财证券,42   
  42娄底春园路营业部
湘财证券,43   
  43衡阳先锋路营业部
湘财证券,44   
  44怀化人民路营业部
湘财证券,45   
  45邵阳宝庆东路营业部
湘财证券,46   
  46汨罗建设路营业部
湘财证券,47   
  47益阳桃花仑西路营业部
湘财证券,48   
  48北京建国门内大街营业部
湘财证券,49    49成都西一环路营业部（原温江西凤街营业部）
湘财证券,50   
  50库尔勒人民东路营业部
湘财证券,51   
  51郴州青年大道营业部
湘财证券,52   
  52岳阳湘阴县江东路营业部
湘财证券,53   
  53东莞莞太路营业部
湘财证券,55   
  55温州市划龙桥路营业部
湘财证券,56   
  56南宁民族大道营业部
湘财证券,57   
  57重庆学府大道营业部
湘财证券,58   
  58台州市府大道营业部
湘财证券,60   
  60陆家嘴环路营业部
湘财证券,
信达证券,营业部代码
信达证券,00 融资融券交易
信达证券,1 蚌埠淮河路证券营业部
信达证券,46 北京北辰东路证券营业部
信达证券,72 北京朝阳门证券营业部
信达证券,73 北京朝阳路证券营业部
信达证券,2 北京万寿(原翠微)路证券营业部
信达证券,3 北京古城路证券营业部
信达证券,4 北京前门证券营业部
信达证券,5 北京西单北大街证券营业部
信达证券,6 北京裕民路证券营业部
信达证券,59 本溪本溪证券营业部
信达证券,7 本溪桓仁证券营业部
信达证券,8 本溪解放北路证券营业部
信达证券,9 本溪市府南街证券营业部
信达证券,82 成都锦城大道证券营业部
信达证券,12 成都一环路证券营业部
信达证券,11 朝阳五一街证券营业部
信达证券,77 长沙芙蓉中路证券营业部
信达证券,76 常州花园街证券营业部
信达证券,10 常州延陵中路证券营业部
信达证券,65 调兵山市府路证券营业部
信达证券,14 丹东锦山大街证券营业部
信达证券,50 丹东宽甸证券营业部 
信达证券,60 丹东振五街证券营业部 
信达证券,51 东港东港路证券营业部 
信达证券,13 大连中山路证券营业部
信达证券,62 大石桥交通街证券营业部
信达证券,15 佛山季华七路证券营业部
信达证券,57 阜新阜蒙证券营业部
信达证券,16 阜新解放大街证券营业部
信达证券,75 抚顺西四路证券营业部
信达证券,69 福州远洋路证券营业部
信达证券,61 盖州红旗大街证券营业部
信达证券,17 广州番禺富华东路证券营业部
信达证券,18 广州寺右新马路证券营业部
信达证券,19 广州中山大道证券营业部
信达证券,20 海口金贸西路证券营业部
信达证券,22 葫芦岛连山大街证券营业部
信达证券,47 葫芦岛龙湾大街证券营业部
信达证券,21 杭州莫干山路证券营业部
信达证券,55 锦州解放路证券营业部
信达证券,64 开原新华路证券营业部
信达证券,49 凌源朝阳路证券营业部
信达证券,58 辽阳健康路证券营业部
信达证券,23 辽阳武圣路证券营业部
信达证券,24 茂名迎宾路证券营业部
信达证券,25 南京汉中门大街证券营业部
信达证券,26 盘锦利民路证券营业部
信达证券,27 盘锦兴隆台街证券营业部
信达证券,67 青岛麦岛路证券营业部
信达证券,28 上海铁岭路证券营业部
信达证券,29 上海虹梅南路证券营业部
信达证券,30 上海灵山路证券营业部
信达证券,31 上海四川北路证券营业部
信达证券,32 上海九江路证券营业部
信达证券,79 绍兴柯桥山阴路证券营业部
信达证券,68 石家庄裕华东路证券营业部
信达证券,37 沈阳市府大街证券营业部
信达证券,39 沈阳惠工街证券营业部
信达证券,38 沈阳黑龙江街证券营业部
信达证券,63 沈阳辽中证券营业部
信达证券,33 深圳深南大道证券营业部
信达证券,34 深圳福星路证券营业部
信达证券,36 深圳深南东路证券营业部
信达证券,80 深圳梅龙大道证券营业部
信达证券,83 台州玉兰路证券营业部
信达证券,41 天津复康路证券营业部
信达证券,71 太原体育南路营业部
信达证券,42 铁岭光荣街证券营业部
信达证券,78 厦门分公司
信达证券,56 新民辽河大街证券营业部
信达证券,81 许昌毓秀路证券营业部
信达证券,43 营口光华路证券营业部
信达证券,52 营口营港路证券营业部
信达证券,70 义乌宾王路证券营业部
信达证券,53 湛江坡头证券营业部
信达证券,54 湛江徐闻证券营业部
信达证券,44 湛江海滨大道南证券营业部
信达证券,45 湛江中山一路证券营业部
信达证券,74 镇江长江路证券营业部
信达证券,66 郑州文化路证券营业部
信达证券,
英大证券,营业部代码
英大证券,0002 普通交易
英大证券,1088 融资融券
英大证券,
英大证券,
英大证券,
英大证券,
英大证券,
英大证券,
英大证券,
英大证券,
银泰证券,营业部代码
银泰证券,0 融资融券
银泰证券,1 银泰证券交易中心
银泰证券,12 深圳市福华三路证券营业部
银泰证券,13 上海市嘉善路证券营业部
银泰证券,15 无锡市兴源北路证券营业部
银泰证券,16 苏州市干将东路证券营业部
银泰证券,17 苏州市葑门西街证券营业部
银泰证券,18 济南市大纬二路证券营业部
银泰证券,19 青岛市宁夏路证券营业部
银泰证券,20 北京市马甸路证券营业部
银泰证券,29 北京市南横东街证券营业部
银泰证券,21 沈阳市十一纬路证券营业部
银泰证券,22 大连市五五路证券营业部
银泰证券,23 唐山市学院北路证券营业部
银泰证券,25 东莞市常平大道证券营业部
银泰证券,27 徐州市解放南路证券营业部
银泰证券,28 江阴市环城北路证券营业部
银泰证券,30 南京市山西路证券营业部
银泰证券,31 绍兴市胜利东路证券营业部
银泰证券,32 福州市五四路证券营业部
银泰证券,33 杭州市体育场路证券营业部
银泰证券,35 成都市顺城大街证券营业部
银泰证券,36 佛山市南海岭南路证券营业部
银泰证券,38 郑州市东风路证券营业部
银泰证券,39 温州市车站大道证券营业部
银泰证券,
银河证券,营业部代码
银河证券,0   
  信用交易
银河证券,1   
  a合肥长江中路营业部
银河证券,2   
  a合肥金城营业部
银河证券,3   
  a合肥屯溪路营业部
银河证券,4   
  a马鞍山营业部
银河证券,195   
  a合肥祁门路营业部(原长江路)
银河证券,196   
  a黄山新园东路营业部
银河证券,238   
  a芜湖利民西路营业部
银河证券,246   
  a蚌埠东海大道营业部
银河证券,260   
  a淮南广场路营业部
银河证券,284   
  a安庆沿江东路营业部
银河证券,5   
  b北京朝阳门北大街营业部
银河证券,6   
  b北京阜成路营业部
银河证券,7   
  b北京太阳宫营业部(原和平里)
银河证券,8   
  b北京黄寺大街营业部
银河证券,9   
  b北京中关村大街营业部
银河证券,221   
  b北京方庄南路营业部
银河证券,222   
  b北京亦庄荣京东街营业部
银河证券,10   
  b北京广渠门大街营业部
银河证券,11   
  b北京望京营业部
银河证券,12   
  b北京学院南路营业部
银河证券,13   
  b北京金融街营业部
银河证券,170   
  b北京学清路营业部
银河证券,171   
  b北京建国路营业部
银河证券,178   
  b北京马家堡东路营业部
银河证券,237   
  b北京呼家楼营业部(原石景山)
银河证券,14   
  c重庆江津营业部
银河证券,15   
  c重庆建新东路营业部
银河证券,16   
  c重庆珠江路营业部(原团结路)
银河证券,17   
  c重庆民族路营业部(原临江路客户专用)
银河证券,18   
  c重庆民族路营业部
银河证券,19   
  c重庆江南大道营业部
银河证券,242   
  c重庆银桦路营业部
银河证券,313   
  c重庆松青路营业部
银河证券,314   
  c重庆沙南街营业部
银河证券,20   
  f福州东水路营业部(原华盛)
银河证券,21   
  f福州营业部
银河证券,223   
  f漳州水仙大街营业部
银河证券,22   
  f福州中山路营业部
银河证券,23   
  f厦门虎园路营业部
银河证券,24   
  f厦门嘉禾路营业部
银河证券,25   
  f厦门美湖路营业部
银河证券,220   
  f厦门同安祥平营业部
银河证券,283   
  f泉州南俊路营业部
银河证券,270   
  f三明列东街营业部
银河证券,26   
  g兰州庆阳路营业部
银河证券,27   
  g兰州永昌路营业部
银河证券,169   
  g白银人民路营业部
银河证券,28   
  g东莞东城大道营业部
银河证券,320   
  g东莞虎门大道营业部
银河证券,29   
  g佛山营业部
银河证券,168   
  g佛山市南海桂平西路营业部
银河证券,282   
  g佛山顺德均安百安北路营业部
银河证券,300   
  g佛山南庄帝景北路营业部
银河证券,30   
  g广州东风西路营业部
银河证券,31   
  g广州环市东路营业部(原建设大马路)
银河证券,32   
  g广州中山二路营业部
银河证券,33   
  g广州天河北路营业部(原解放中路)
银河证券,34   
  g广州临江大道营业部
银河证券,225   
  g广州番禺南郊路营业部
银河证券,268   
  g广州广州大道中营业部
银河证券,321   
  g广州增城荔城街营业部
银河证券,322   
  g广州阅江中路营业部
银河证券,325   
  g广州观虹路营业部
银河证券,326   
  g广州机场路营业部
银河证券,334   
  g广州芳村大道西营业部
银河证券,341   
  g广州黄埔东路营业部
银河证券,352   
  g广州庆亿街营业部
银河证券,353   
  g广州花都凤凰北路营业部
银河证券,239   
  g江门东海路营业部
银河证券,35   
  g揭阳望江北路营业部
银河证券,36   
  g汕头韩江路营业部
银河证券,37   
  g汕头金砂路营业部(原天山路)
银河证券,38   
  g汕头嵩山路营业部(原银座)
银河证券,176   
  g汕头潮阳营业部
银河证券,177   
  g汕头澄海营业部
银河证券,39   
  g深圳深南大道营业部(原宝安路)
银河证券,41   
  g深圳滨河大道营业部
银河证券,42   
  g深圳福华一路营业部
银河证券,43   
  g深圳景田营业部
银河证券,44   
  g深圳罗湖营业部
银河证券,45   
  g深圳中科大厦营业部(原商报东)
银河证券,46   
  g深圳海德三道营业部
银河证券,269   
  g深圳龙岗华南大道华南城营业部
银河证券,344   
  g深圳龙华人民南路营业部
银河证券,345   
  g深圳龙岗盛龙路营业部
银河证券,349   
  g深圳坪山坑梓新发街营业部
银河证券,350   
  g深圳华侨城证券营业部
银河证券,49   
  g湛江海滨大道南营业部
银河证券,255   
  g湛江廉江环市北路营业部
银河证券,267   
  g湛江观海北路营业部
银河证券,304   
  g湛江民有路营业部
银河证券,329   
  g湛江雷州西湖大道营业部
银河证券,50   
  g中山小榄营业部
银河证券,51   
  g中山营业部
银河证券,204   
  g中山黄圃新丰北路营业部
银河证券,203   
  g中山古镇营业部
银河证券,303   
  g中山三乡景观大道营业部
银河证券,317   
  g中山翠岭路营业部
银河证券,48   
  g佛山顺德大良营业部
银河证券,202   
  g佛山顺德乐从营业部
银河证券,201   
  g佛山顺德容桂营业部
银河证券,305   
  g佛山顺德龙江东华路营业部
银河证券,347   
  g佛山顺德外环路证券营业部
银河证券,306   
  g佛山南海广云路营业部
银河证券,172   
  g惠州惠沙堤路营业部
银河证券,52   
  g珠海景山路营业部
银河证券,256   
  g肇庆星湖大道营业部
银河证券,340   
  g清远连江路营业部
银河证券,342   
  g梅州沿江西路营业部
银河证券,343   
  g潮州潮枫路营业部
银河证券,53   
  g桂林中山中路营业部
银河证券,54   
  g南宁园湖南路营业部
银河证券,247   
  g柳州友谊路营业部
银河证券,224   
  g贵阳金阳观山西路营业部
银河证券,335   
  g贵阳新添大道营业部
银河证券,55   
  h海口滨海大道营业部(原海秀路)
银河证券,248   
  h三亚解放四路营业部
银河证券,56   
  h秦皇岛营业部
银河证券,57   
  h石家庄胜利北街营业部(原北站)
银河证券,58   
  h石家庄红旗大街营业部
银河证券,185   
  h邢台冶金北路营业部(原邢州北路)
银河证券,184   
  h邢台清河运河大街营业部
银河证券,179   
  h廊坊银河北路营业部
银河证券,252   
  h沧州永安南大道营业部
银河证券,59   
  h郑州经三路营业部
银河证券,60   
  h郑州健康路营业部
银河证券,61   
  h郑州陇海路营业部
银河证券,62   
  h郑州南阳路营业部
银河证券,63   
  h郑州山河营业部
银河证券,311   
  h洛阳金谷园路营业部
银河证券,318   
  h许昌许继大道营业部
银河证券,319   
  h新乡友谊路营业部
银河证券,64   
  h哈尔滨中山路营业部(原花园街)
银河证券,167   
  h哈尔滨西十道街营业部
银河证券,245   
  h大庆东风路营业部
银河证券,332   
  h佳木斯保卫路营业部
银河证券,65   
  h荆门营业部
银河证券,206   
  h沙洋汉津大道营业部
银河证券,67   
  h武汉汉阳营业部
银河证券,68   
  h武汉花桥营业部
银河证券,69   
  h武汉澳门路营业部
银河证券,70   
  h武汉武珞路营业部
银河证券,71   
  h武汉中南路营业部
银河证券,72   
  h武汉汉阳大道营业部
银河证券,73   
  h武汉积玉桥营业部
银河证券,205   
  h武汉沌口宁康路营业部
银河证券,74   
  h襄阳营业部
银河证券,75   
  h宜昌新世纪营业部
银河证券,76   
  h长沙解放中路营业部(原芙蓉路)
银河证券,183   
  h娄底月塘街营业部
银河证券,77   
  h长沙芙蓉中路营业部
银河证券,273   
  h株洲天元黄山路营业部
银河证券,264   
  h湘潭芙蓉中路营业部
银河证券,205   
  h沌口宁康路营业部
银河证券,207   
  h枣阳襄阳路营业部
银河证券,78   
  j长春西民主大街营业部
银河证券,79   
  j长春东南湖大路营业部
银河证券,346   
  j吉林重庆街证券营业部
银河证券,80   
  j南京洪武路营业部(原汉中路客户专用)
银河证券,81   
  j南京洪武路营业部
银河证券,82   
  j南京南瑞路营业部(原湖南路)
银河证券,83   
  j南京上海路营业部
银河证券,84   
  j南京江东中路营业部(原石鼓路)
银河证券,244   
  j南京龙蟠中路营业部
银河证券,298   
  j南京高淳宝塔路营业部
银河证券,312   
  j南京江宁竹山路营业部
银河证券,336   
  j无锡盛岸西路营业部
银河证券,85   
  j苏州三香路营业部
银河证券,86   
  j扬州文昌中路营业部
银河证券,299   
  j南通工农路营业部
银河证券,241   
  j镇江黄山南路营业部
银河证券,296   
  j常熟海虞北路营业部
银河证券,297   
  j江阴虹桥北路营业部
银河证券,351   
  j盐城迎宾南路证券营业部
银河证券,87   
  j南昌广场东路营业部
银河证券,88   
  j南昌广场南路营业部
银河证券,89   
  j南昌沿江中路营业部
银河证券,281   
  j南昌红谷中大道营业部
银河证券,175   
  j赣州客家大道营业部
银河证券,291   
  j上饶带湖路营业部
银河证券,90   
  l大连新开路营业部
银河证券,91   
  l大连人民路营业部
银河证券,92   
  l大连黄河路营业部(原万岁街)
银河证券,93   
  l大连延安路营业部
银河证券,280   
  l庄河向阳路营业部
银河证券,94   
  l沈阳建设东路营业部(原滑翔路)
银河证券,95   
  l沈阳三好街营业部(原南八马路)
银河证券,96   
  l沈阳大北关街营业部
银河证券,97   
  l沈阳顺城营业部
银河证券,98   
  l沈阳北站路营业部
银河证券,293   
  l沈阳南顺城路营业部
银河证券,288   
  l沈阳长白西路营业部
银河证券,292   
  l阜新新华路营业部
银河证券,315   
  l营口市府路营业部
银河证券,99   
  n包头乌兰道营业部
银河证券,100   
  n呼和浩特大学西街营业部
银河证券,101   
  n呼和浩特新华东街营业部
银河证券,102   
  n银川解放西街营业部
银河证券,286   
  n石嘴山朝阳西街营业部
银河证券,197   
  q格尔木昆仑南路营业部
银河证券,103   
  q西宁营业部
银河证券,104   
  s济南经七路营业部
银河证券,232   
  s潍坊福寿西街营业部
银河证券,105   
  s青岛南京路(原广西路)营业部
银河证券,106   
  s青岛香港西路(原热河路)营业部
银河证券,257   
  s青岛开发区营业部
银河证券,107   
  s烟台营业部
银河证券,265   
  s威海统一路营业部
银河证券,266   
  s济宁�埠勇酚�业部
银河证券,277   
  s临沂沂蒙路营业部
银河证券,240   
  s淄博临淄大道营业部
银河证券,302   
  s东营府前大街营业部
银河证券,108   
  s晋中迎宾街营业部(原榆太路)
银河证券,191   
  s祁县新建北路营业部
银河证券,193   
  s灵石新建街营业部
银河证券,109   
  s临汾解放东路营业部
银河证券,110   
  s太原桃园营业部
银河证券,111   
  s太原迎泽西街营业部
银河证券,186   
  s太原并州南路营业部
银河证券,187   
  s侯马浍滨街营业部
银河证券,188   
  s霍州开元街营业部
银河证券,189   
  s洪洞车站街营业部
银河证券,190   
  s翼城红旗街营业部
银河证券,192   
  s太谷康源路营业部
银河证券,253   
  s介休振兴街营业部
银河证券,301   
  s运城禹西路营业部
银河证券,323   
  s晋城景西路营业部
银河证券,324   
  s昔阳下城街营业部
银河证券,333   
  s孝义府前街营业部
银河证券,249   
  s渭南朝阳大街营业部
银河证券,112   
  s西安和平路营业部
银河证券,113   
  s西安友谊东路营业部
银河证券,348   
  s西安雁南三路证券营业部
银河证券,287   
  s宝鸡高新大道营业部
银河证券,114   
  s上海安业路营业部
银河证券,115   
  s上海漕宝路营业部
银河证券,116   
  s上海大连西路营业部
银河证券,117   
  s上海东大名路外滩营业部
银河证券,118   
  s上海东方路营业部
银河证券,119   
  s上海共康路营业部
银河证券,120   
  s上海虹井路营业部
银河证券,121   
  s上海恒丰路营业部(原江宁路)
银河证券,122   
  s上海长宁区镇宁路营业部(原江苏北路)
银河证券,123   
  s上海莲溪路营业部
银河证券,124   
  s上海浦东南路营业部
银河证券,125   
  s上海宜川路营业部
银河证券,126   
  s上海人民路营业部
银河证券,127   
  s上海上南路营业部
银河证券,128   
  s上海东宝兴路营业部(原四川北路)
银河证券,129   
  s上海五莲路营业部
银河证券,130   
  s上海新昌路营业部
银河证券,131   
  s上海延安西路营业部
银河证券,132   
  s上海营口路营业部
银河证券,133   
  s上海新郁路营业部
银河证券,134   
  s上海浦东新区源深路营业部(原张杨路)
银河证券,135   
  s上海肇嘉浜路营业部
银河证券,136   
  s上海中山北路营业部
银河证券,137   
  s上海中原路营业部
银河证券,316   
  s上海青浦区明珠路营业部
银河证券,327   
  s上海浦东新区金高路营业部
银河证券,328   
  s上海宝山区陆翔路营业部
银河证券,330   
  s上海自贸试验区基隆路营业部
银河证券,338   
  s上海闵行区陈行路营业部
银河证券,339   
  s上海普陀区中江路营业部
银河证券,138   
  s成都北二环路营业部
银河证券,181   
  s成都成飞大道营业部
银河证券,139   
  s成都科华北路营业部
银河证券,140   
  s成都建设路营业部(原双林路)
银河证券,141   
  s成都建设路营业部(原同仁路客户专用)
银河证券,243   
  s成都人民南路营业部
银河证券,262   
  s成都双流迎春路营业部
银河证券,263   
  s乐山人民南路营业部
银河证券,271   
  s眉山仁寿光明路营业部
银河证券,278   
  s绵阳跃进路营业部
银河证券,279   
  s巴中云台街营业部
银河证券,337   
  s内江玉溪路营业部
银河证券,142   
  t天津胜利路营业部(原新城西路)
银河证券,143   
  t天津鼓楼东街营业部
银河证券,144   
  t天津开华道营业部(原汉口西道)
银河证券,285   
  t天津升安大街营业部
银河证券,145   
  x乌鲁木齐解放北路营业部
银河证券,295   
  x拉萨朝阳路营业部
银河证券,146   
  y昆明白塔路营业部
银河证券,147   
  y昆明东风西路营业部(原人民中路)
银河证券,199   
  y昆明民航路营业部
银河证券,200   
  y宜良人民路营业部
银河证券,307   
  y曲靖交通路营业部
银河证券,308   
  y河口福安路营业部
银河证券,309   
  y墨江回归大道营业部
银河证券,310   
  y楚雄鹿城南路营业部
银河证券,148   
  z德清营业部
银河证券,173   
  z湖州适园路营业部
银河证券,149   
  z杭州绍兴路营业部(原湖墅南路)
银河证券,150   
  z杭州庆春路营业部(原解放路)
银河证券,151   
  z杭州艮山西路营业部(原凯旋路)
银河证券,209   
  z杭州余杭邱山大街营业部(原文苑路)
银河证券,152   
  z杭州体育场路营业部
银河证券,153   
  z杭州新塘路营业部
银河证券,210   
  z杭州古墩路营业部
银河证券,290   
  z杭州天城东路营业部
银河证券,219   
  z桐庐富春路营业部
银河证券,213   
  z平湖解放西路营业部
银河证券,211   
  z平阳人民路营业部
银河证券,180   
  z义乌稠州北路营业部
银河证券,174   
  z建德新安路营业部
银河证券,154   
  z湖州营业部
银河证券,182   
  z长兴县前西街营业部
银河证券,155   
  z嘉兴营业部
银河证券,156   
  z金华营业部
银河证券,157   
  z兰溪营业部
银河证券,158   
  z丽水营业部
银河证券,216   
  z庆元�髦藿钟�业部
银河证券,217   
  z遂昌北街营业部
银河证券,218   
  z龙泉新华街营业部
银河证券,198   
  z青田涌金街营业部
银河证券,159   
  z宁波大沙泥街营业部
银河证券,160   
  z宁波翠柏路营业部
银河证券,161   
  z宁波大庆南路营业部
银河证券,162   
  z宁波解放南路营业部
银河证券,272   
  z宁波宁南北路营业部
银河证券,259   
  z余姚南雷路营业部
银河证券,163   
  z绍兴营业部
银河证券,274   
  z绍兴金柯桥大道营业部
银河证券,275   
  z富阳迎宾路营业部
银河证券,276   
  z淳安新安大街营业部
银河证券,164   
  z台州邮电路营业部
银河证券,261   
  z台州引泉路营业部
银河证券,165   
  z温州大南路营业部
银河证券,254   
  z温州锦绣路营业部
银河证券,233   
  z上虞王充路营业部
银河证券,234   
  z衢州荷花中路营业部
银河证券,212   
  z苍南玉苍路营业部
银河证券,258   
  z临海杜桥下朱路营业部
银河证券,289   
  z舟山千岛路营业部
银河证券,294   
  z奉化岳林路营业部
银河证券,331   
  z浙江分公司
银河证券,166   
  z中国银河证券
银河证券,
招商证券,营业部代码
招商证券,0 普通交易
招商证券,1 融资融券
招商证券,
招商证券,
招商证券,
招商证券,
招商证券,
招商证券,
招商证券,
招商证券,
招商证券,
招商证券,
招商证券,
招商证券,
招商证券,
招商证券,
招商证券,
招商证券,
招商证券,
招商证券,
招商证券,
招商证券,
招商证券,
招商证券,
招商证券,
招商证券,
招商证券,
招商证券,
招商证券,
招商证券,
招商证券,
招商证券,
招商证券,
招商证券,
招商证券,
招商证券,
招商证券,
招商证券,
招商证券,
招商证券,
招商证券,
招商证券,
招商证券,
招商证券,
招商证券,
招商证券,
招商证券,
招商证券,
招商证券,
招商证券,
招商证券,
招商证券,
招商证券,
招商证券,
招商证券,
招商证券,
招商证券,
中银国际,营业部代码
中银国际,1 普通交易
中银国际,2 融资融券交易
中银国际,
中银国际,
中银国际,
中银国际,
中银国际,
中银国际,
中银国际,
中银国际,
中投证券,营业部代码
中投证券,1001 普通交易
中投证券,1003 融资融券交易
中投证券,
中投证券,
中投证券,
中投证券,
中投证券,
中投证券,
中投证券,
中投证券,
中投证券,
中投证券,
中投证券,
中投证券,
中投证券,
中投证券,
中投证券,
中投证券,
中投证券,
中航证券,营业部代码
中航证券,0999 融资融券
中航证券,1 深圳营业部
中航证券,2 上海营业部
中航证券,3 武汉营业部
中航证券,4 天津营业部
中航证券,5 南昌营业部
中航证券,6 上饶营业部
中航证券,7 吉安营业部
中航证券,8 景德镇营业部
中航证券,9 泉州营业部
中航证券,10 宜春营业部
中航证券,11 丰城营业部
中航证券,12 赣州营业部
中航证券,15 九江营业部
中航证券,16 萍乡营业部
中航证券,20 重庆营业部
中航证券,21 西安营业部
中航证券,22 南阳营业部
中航证券,23 北京营业部
中航证券,24 杭州营业部
中航证券,25 昆明营业部
中航证券,26 郑州中原路营业部
中航证券,27 郑州嵩山路营业部
中航证券,28 南昌红谷滩营业部
中航证券,29 厦门营业部
中航证券,30 抚州营业部
中航证券,31 烟台营业部
中航证券,32 柳州营业部
中航证券,33 兰州营业部
中航证券,34 南通营业部
中航证券,35 鞍山营业部
中航证券,36 新余营业部
中航证券,37 鹰潭营业部
中航证券,66 总部
中航证券,
中信证券,营业部代码
中信证券,1 普通交易
中信证券,2 融资融券交易
中信证券,
中信证券,
中信证券,
中信证券,
中信证券,
中信证券,
中信证券,
中信证券,
中信证券,
中信证券,
中信证券,
中信证券,
中信证券,
中信证券,
中信证券,
中信证券,
中信证券,
中信证券,
中信证券,
中信证券,
中信浙江,营业部代码
中信浙江,1 股票交易
中信浙江,2 信用交易
中信浙江,
中信浙江,
中信浙江,
中信浙江,
中信浙江,
中信浙江,
中信浙江,
中信浙江,
中信万通,营业部代码
中信万通,1 普通交易
中信万通,2 融资融券交易
中信万通,
中信万通,
中信万通,
中信万通,
中信万通,
中信万通,
中信万通,
中信万通,
中信万通,
中金证券,营业部代码
中金证券,0001 普通交易
中金证券,30000 信用交易
中金证券,
中金证券,
中原证券,营业部代码
中原证券,1 普通交易
中原证券,3 信用交易
中原证券,
中原证券,
中原证券,
中原证券,
浙商证券,版本号填
  6.10（最新版本号见券商通达信软件"帮助关于"菜单第一行文字字母V后面的数字）
浙商证券,登录模式选 "客户号"
浙商证券,通讯密码(如果所在券商无通讯密码就不填)
浙商证券,交易账号(打开券商通达信软件，股东列表查询结果的资金账号就是交易账号） 
浙商证券,营业部代码填 0001
浙商证券,
